{"cameraMode":{"drawMode":0,"name":"Shaded","section":"Shading Mode"},"sceneLighting":false,"audioPlay":false,"sceneViewState":{"m_AlwaysRefresh":false,"showFog":true,"showSkybox":false,"showFlares":true,"showImageEffects":true,"showParticleSystems":true,"showVisualEffectGraphs":true,"m_FxEnabled":true},"in2DMode":false,"pivot":{"x":0.8791249394416809,"y":0.46589580178260805,"z":1.3709373474121094},"rotation":{"x":-0.13231350481510163,"y":0.782848060131073,"z":-0.17819425463676454,"w":-0.581283450126648},"size":0.5028601884841919,"orthographic":false}