{"cameraMode":{"drawMode":0,"name":"Shaded","section":"Shading Mode"},"sceneLighting":false,"audioPlay":false,"sceneViewState":{"m_AlwaysRefresh":false,"showFog":true,"showSkybox":false,"showFlares":true,"showImageEffects":true,"showParticleSystems":true,"showVisualEffectGraphs":true,"m_FxEnabled":true},"in2DMode":false,"pivot":{"x":4.842850685119629,"y":3.2602763175964357,"z":-0.26902449131011965},"rotation":{"x":-0.21661093831062318,"y":0.6437152028083801,"z":-0.19722846150398255,"w":-0.7069759964942932},"size":0.000017320508050033823,"orthographic":false}